0,延近輝之
1,福島祐子,audiohighs
2,仲西匡,瀬川英史
3,菅野祐悟
4
5,池頼広
6,金子隆博
7
8
9,羽田健太郎
10,川井憲次
11,仲西匡
12
13,山下康介
14,仲西匡
15,蓜島邦明
16
17,羽岡佳
18,村松崇継
19,栗山和樹
20
21,澤野弘之
22,大島ミチル
23,河野伸
24,遠藤浩二
25,服部隆之
26,菅野祐悟
27,本間勇輔
28,福島祐子,高見優
29,池頼広
30,小西康陽
31
32,小六禮次郎
33,沢田完
34,佐藤直紀
35,澤野弘之
36,海田庄吾
37,仲西匡
38
39,佐藤直紀
40,大谷幸
41,河野伸
42,石田勝範
43,大島ミチル
44
45,木下忠司
46,大島ミチル
47,菅野祐悟
48,羽岡佳,妹尾武
49,山下康介
50,羽毛田丈史
51,池頼広
52,池頼広
53,川井憲次
54,大島ミチル
55,仲西匡,長谷部徹
56,吉俣良
57
58,河野伸
59
60,住友紀人
61,羽毛田丈史
62,井筒昭雄
63,菅野祐悟
64
65,吉川慶
66,富貴晴美
67,吉川慶,audiohighs
68,河野伸,高見優
69,澤野弘之,林ゆうき
70,福島祐子,中島靖雄
71,菅野祐悟
72,海田庄吾
73,仲西匡
74,海田庄吾
75,中村竜哉
76,神坂享輔,MAYUKO,井筒昭雄
77,平尾昌晃
78,辻陽
79,佐橋俊彦
80
81,石田勝範
82,金子隆博
83,大島ミチル
84
85,遠藤浩二
86,服部隆之
87,仲西匡
88,井筒昭雄
89,城之内ミサ
90,吉川清之
91,S.E.N.S.
92,窪田ミナ
93,梅堀淳
94,大島ミチル
95,吉川清之
96,澤野弘之,和田貴史,林ゆうき
97,Jazztronik
98
99
100,山下康介
101,山岡晃
102,佐藤直紀
103,渡辺俊幸
104,菅野よう子
105,菅野祐悟
106,池頼広
107
108,NARASAKI
109,河野伸
110,木下忠司
111,B.B.O.S.T feat 日向敏文,佐橋佳幸,延近輝之,牧山純子
112,吉俣良
113,菅野祐悟
114
115
116
117
118,辻陽
119,河野伸,高見優
120,吉岡聖治
121,吉俣良
122
123,栗山和樹
124,仲西匡
125,羽岡佳
126,寺嶋民哉
127,coba
128
129
130,ザ・サーフコースターズ
131,佐橋俊彦
132,Rita-iota
133,中田ヤスタカ
134,野崎良太
135,audiohighs
136
137,池頼広
138,池頼広
139,森悠也
140
141
142
143
144,瀬川英史
145,仲西匡
146,澤野弘之,和田貴史
147,井筒昭雄
148,小西香葉,近藤由紀夫
149,梅林茂
150,村松崇継
151,菅野祐悟
152,久石譲
153,小林つん太
154,高見優,長岡成貢
155,遠藤浩二
156
157,菅野祐悟
158,澤野弘之,和田貴史
159,栗山和樹
160,池頼広
161,鷺巣詩郎
162,池頼広
163
164,白石めぐみ
165,山下康介
166
167,長谷部徹,audiohighs
168,古川ヒロシ,ABOTTOレオ
169,河野伸
170,松本晃彦
171,井筒昭雄
172,林ゆうき
173,佐藤直紀
174,瀬川英史
175,木下忠司
176
177,渡辺俊幸
178,松本晃彦
179,林ゆうき
180,羽岡佳
181,吉川清之
182,REMEDIOS
183,内池秀和
184,神坂享輔
185,大島ミチル
186
187,瀬川英史
188,延近輝之
189,audiohighs,横山克
190,辻陽
191,中塚武
192,長谷部徹
193,菊地成孔
194,和田貴史,羽岡佳,石坂慶彦
195,井筒昭雄
196,菅野祐悟
197,仲西匡
198,遠藤浩二
199,延近輝之
200,和田貴史
201,河野伸
202
203,井筒昭雄
204,野崎良太
205,吉川清之
206,菅野祐悟
207,川井憲次
208
209,千住明,池頼広
210,P.P.M
211
212,仲西匡,市川淳,都啓一
213
214,仲西匡
215,加羽沢美濃
216,川井憲次
217,小林洋平
218,横山克,audiohighs
219,菅野祐悟
220,遠藤浩二
221,木下忠司
222,渡辺俊幸
223,井筒昭雄
224,梅林茂
225
226,高見優
227,住友紀人
228,池頼広
229,菅野祐悟
230,羽田健太郎
231,荻野清子
232,大島ミチル
233,澤野弘之,河野伸
234,羽岡佳
235,渋谷慶一郎,ガブリエル・ロベルト
236,溝口肇
237,中村竜哉
238,金子隆博,小山絵里奈
239,久石譲
240,羽毛田丈史
241,山下康介
242,林ゆうき
243,遠藤浩二
244,林ゆうき
245,田村洋
246,服部隆之
247,石塚徹
248,井筒昭雄
249,池頼広
250,大島ミチル
251,吉川清之
252,沢田完
253,菅野祐悟
254,松本晃彦
255,河野伸,羽岡佳,ナカムラヒロシ
256,朝倉紀行
257,中島靖雄
258,小六禮次郎
259,蓜島邦明
260,小西康陽
261,吉俣良
262,市川淳
263,蓜島邦明
264,延近輝之
265,遠藤浩二
266,Flagship
267,村松崇継
268,佐藤允彦
269,中島靖雄
270,井筒昭雄
271,住友紀人
272,吉川清之
273,池頼広
274,大島ミチル
275,朝倉紀行
276
277,P.P.M
278,菅野祐悟
279
280,沢田完
281,MOKU,古川ヒロシ,ABOTTOレオ
282,服部隆之
283,高見優,長岡成貢
284,林ゆうき
285,澤野弘之,山田豊
286,木下忠司
287,Face 2 fAKE
288
289,大友良英
290,林ゆうき
291,海田庄吾
292,林ゆうき
293,羽岡佳,妹尾武
294,吉川清之
295,梅堀淳,RIKU,榊原大
296
297,大島ミチル
298,江口貴勅
299,辻井伸行
300,遠藤浩二
301,市川淳,michitomo
302,仲西匡
303,井筒昭雄
304,内池秀和
305,金子隆博
306,福島祐子,横山克,瀬川英史
307,中塚武
308,高見優,河野伸,笹河青太
309
310,大島ミチル
311,田中拓人
312,佐藤公彦
313
314,菅野祐悟
315,山田豊,橘麻美
316,池頼広
317,池頼広
318,池頼広
319,山下康介
320
321,川井憲次
322,横山克
323,遠藤幹雄
324
325,仲西匡
326,井筒昭雄
327
328,久石譲
329,高見優,吉川慶
330,仲西匡
331,小西香葉,近藤由紀夫
332,瀬川英史
333,ティムウィン
334,江藤直子
335,井筒昭雄
336,野崎良太
337,林ゆうき
338,大橋トリオ
339
340
341,牧戸太郎
342,羽毛田丈史
343,沢田完
344,平沢敦士
345
346
347
348
349,MOKU
350
351
352,吉松隆
353
354,市川淳
355,仲西匡,松下奈緒
356,遠藤浩二
357,遠藤浩二
358,白石めぐみ
359,Ken Arai
360,渡辺善太郎
361,菅野祐悟
362,瀬川英史
363,菅野祐悟
364,林ゆうき
365
366,池頼広
367,H・GARDEN
368,延近輝之
369,大島ミチル
370,末廣健一郎,神坂亨輔
371,山崎燿
372,出羽良彰,田尻知之
373,村松崇継
374,池頼広
375,福廣秀一朗
376,金子隆博
377
378,河野伸,Roh Hyoung Woo,羽深由理
379
380,井筒昭雄
381,渡辺俊幸
382
383,林ゆうき
384,吉俣良
385,高見優
386,井内竜次
387
388,井筒昭雄
389,吉川清之
390
391
392
393,大島ミチル
394
395
396,海田庄吾
397,MOKU
398,村松崇継
399
400,菅野祐悟
401
402
403,羽毛田丈史
404
405,寺田志保
406
407,佐藤直紀
408,富貴晴美
409,市川淳
410,久住昌之
411,海田庄吾
412,ゴンチチ
413
414,小西康陽
415,牧戸太郎
416,菅野祐悟
417,沢田完
418,吉川清之
419,末廣健一郎,MAYUKO
420,松本晃彦
421,村松崇継
422,仲西匡
423,佐橋俊彦
424,佐橋俊彦
425,横山克
426
427,吉川慶,熊井吾郎
428,ティム・ウィン
429,遠藤浩二
430
431,☆Taku Takahashi
432,澤野弘之,和田貴史,とくさしけんご
433,梅林茂
434
435,Ken Arai
436,池頼広
437
438,川井憲次
439
440
441,柳田しゆ
442,瀬川英史
443,原田智英
444,横山克
445
446,蓜島邦明
447
448,井上鑑
449
450,中島ノブユキ
451,羽毛田丈史
452,佐橋俊彦
453,市川淳
454,海田庄吾
455,Jin Nakamura
456,福山雅治,菅野祐悟
457,渡辺俊幸
458,井筒昭雄
459,野崎良太,松下奈緒
460
461,本多俊之
462,coba
463,井筒昭雄
464,木村秀彬
465
466,沢田完
467,仲西匡
468,半沢武志
469,松下昇平
470,菅野祐悟
471,末廣健一郎,神坂享輔
472,原田智英
473,吉俣良
474,小松亮太
475,白石めぐみ
476,横山克
477,牧戸太郎
478,河野伸
479,横山克
480,瀬川英史
481
482,岩崎太整,高見優
483,都倉俊一
484,千住明
485
486,佐藤直紀
487,大橋トリオ
488,吉川清之
489,大島ミチル
490,三宅一徳
491,ブラボー小松
492,渡辺俊幸
493,平野義久,新屋豊
494,遠藤浩二
495,林ゆうき
496
497,吉俣良
498,末廣健一郎
499
500,辻陽
501,金子隆博
502
503,佐橋俊彦
504
505,牧戸太郎
506,服部隆之
507,羽岡佳
508,上野耕路
509,神坂享輔
510,岡部啓一,帆足圭吾
511,末廣健一郎,得田真裕
512,井筒昭雄
513,池頼広
514
515
516,山下康介
517,遠藤浩二
518,沢田完
519,川井憲次
520
521
522
523,池頼広
524
525,高見優
526,佐橋俊彦
527,井筒昭雄
528,横山克
529
530
531
532,菅野祐悟
533
534,ゲイリー芦屋
535,Ken Arai
536,住友紀人
537,羽岡佳
538,横山克
539
540,羽毛田丈史
541
542
543
544,林ゆうき
545,吉川慶,澤野弘之,河野伸
546,井筒昭雄
547,富貴晴美
548
549,平沢敦士
550,得田真裕,眞鍋昭大
551,佐橋俊彦
552,小西康陽
553,牧戸太郎
554,菅野祐悟
555,高見優,木村秀彬
556,木村秀彬
557
558,佐橋俊彦
559
560,石田勝範
561
562,仲西匡
563,吉川清之
564,高見優,信澤宣明
565,菅野祐悟,得田真裕
566,サキタハヂメ
567,菅野祐悟
568,川井憲次
569,沢田完
570,平沢敦士
571
572,横山克
573,井筒昭雄
574
575,清水靖晃
576,大友良英
577,野崎良太
578,井上鑑
579,牧戸太郎
580,服部隆之
581,横山克
582,服部隆之
583,吉俣良
584,和田貴史,橘麻美
585,池頼広
586
587,羽岡佳,海田庄吾
588,大友良英
589,吉川清之
590,萩野清子
591,木村秀彬
592,林ゆうき
593,市川淳
594,井筒昭雄
595,池頼広
596,菅野祐悟
597,得田真裕
598,林ゆうき,橘麻美
599,仲西匡
600
601
602,高見優,やまだ豊
603,見岳章
604
605,末廣健一郎
606,☆Taku Takahashi
607,松浦晃久
608,遠藤浩二
609,鈴木常吉,福原希己江
610,本間勇輔
611
612,池頼広
613
614,得田真裕
615,沢田完
616
617,菅野祐悟
618,沢田完
619,川井憲次
620
621,吉川慶,木村秀彬
622,横山克
623
624
625,やまだ豊
626,佐橋俊彦
627,横山克
628
629,真島昌利,羽毛田丈史
630,沢田完
631,住友紀人
632,牧戸太郎
633,江藤直子
634,横山克,鈴木真人
635
636,菅野祐悟
637,眞鍋昭大,笹野芽実,得田真裕,末廣健一郎
638
639,池頼広
640,小六禮次郎
641,大隈知宇,信澤宣明
642,林ゆうき
643,吉川清之
644
645,井筒昭雄
646,木村秀彬
647,得田真裕
648,兼松衆
649,林ゆうき
650,松本晃彦
651,牧戸太郎
652,川井憲次
653,千住明
654
655,河野伸
656,遠藤浩二
657,海田庄吾
658,横山克
659,吉川清之
660
661,三宅一徳
662,渡辺俊幸
663,fox capture plan,武内享
664
665,沢田完
666
667,未知瑠
668,千住明
669,林ゆうき
670
671,大友良英
672,渡辺俊幸
673
674,[Alexandros]
675
676
677
