0,澤田鎌作,平野眞
1,土方政人,佐藤源太,北川学
2,塚本連平,小松隆志,植田尚
3,南雲聖一,久保田充,茂山佳則
4,吉田啓一郎,杉村六郎,田村孝蔵,長谷川康
5,三池崇史,押井守,金子修介,麻生学,小中和哉,辻裕之,鶴田法男,渡辺武,湯山邦彦,西海謙一郎,丹野雅仁
6,佐久間紀佳,池田健司,吉野洋
7,木下高男,松木創
8,清水一彦,田中健二,中島由貴
9,竹之下寛次,荒井光明,山崎統司
10,辻野正人,藤岡浩二郎,森本浩史
11,麻生学,新村良二,二宮浩行
12,加藤裕将,西坂瑞城
13,吉田健
14,片山修,宮下健作,木村政和,高橋伸之
15,植田泰史,石川淳一,城宝秀則,田村直己,岩田和行,都築淳一
16,矢田清巳,井上泰治
17,石塚嘉,黛りんたろう,田中英治
18,渡辺一貴
19,吉村芳之,西谷真一
20,平川雄一朗,武藤淳,山本剛義,中前勇児
21,水田成英,松山博昭
22,佐藤東弥,大谷太郎,山下学美
23,土井裕泰,山室大輔,川嶋龍太郎
24,竹村謙太郎,酒井聖博,堀英樹
25,若松節朗,谷村政樹,村谷嘉則,永山耕三
26,佐藤祐市,石川淳一,岩田和行
27,小林義則,城宝秀則
28,猪股隆一,木内健人,石尾純,日暮謙
29,猪崎宣昭,橋本一
30,中島悟,阿部雄一
31,佐々木章光,藤尾隆
32,猪原達三,石川一郎,藤岡浩二郎
33,松田秀知,藤田明二
34,西浦正記,葉山浩樹
35,加藤新,坪井敏雄
36,常廣丈太,秋山純,梶山貴弘
37,小松隆志,今井和久,田村直己
38,酒井信行,山下智彦
39,梶原登城
40,笠浦友愛,石塚嘉
41,今井夏木,松田礼人
42,福田雄一,成田岳
43,大谷太郎,長沼誠,高橋秀明
44,山室大輔,川嶋龍太郎,韓哲
45,井上泰治,矢田清巳,和田圭一
46,一倉治雄,森本浩史,橋本一
47,加藤裕将,松山博昭,遠藤光貴
48,植田尚,今井和久
49,松田秀知,石川淳一,佐藤源太,北川学
50,吉野洋,久保田充,長沼誠
51,和泉聖治,東伸児,長谷部安春,近藤俊明,橋本一
52,岩本仁志,大谷太郎,本間美由紀
53,笠浦友愛,松浦善之助,吉川邦夫,陸田元一
54,吉田啓一郎,村川透,和泉聖治,森本浩史,石川一郎
55,片山修,唐木希浩,阿部雄一
56,宮本理江子
57,岡本浩一,国本雅広,爲川裕之
58,金子文紀,石井康晴
59,小松隆志,田村直己,安見悟朗
60,高橋伸之,池添博
61,本木一博,井上剛
62,平野俊一,波多野貴文,宮下健作
63,村上正典,川村泰祐
64,大宮エリー,大木綾子,平野眞
65,南雲聖一,茂山佳則,佐久間紀佳
66,生野慈朗,高成麻畝子,山本剛義
67,成田岳,松山博昭,石井祐介
68,石川淳一,木下高男
69,三宅喜重,木内健人,白木啓一郎
70,中島悟,石尾純
71,猪股隆一,山下学美,田中峰弥
72,伊勢田雅也,榎戸崇泰
73,塚本連平,秋山純
74,田島大輔,谷村政樹
75,白川士,岡本浩一,山田勇人,遠藤光貴,位部将人
76,土井裕泰,山室大輔,坪井敏雄
77,石原興,原田徹,酒井信行,山下智彦,井上昌典
78,長江俊和,高橋伸之,梶山貴弘
79,勝田夏子,佃尚能
80,倉貫健二郎,松田礼人
81,福田雄一,佐々木詳太,戸塚寛人,奥田啓太
82,大谷太郎,狩山俊輔
83,片岡敬司,高橋陽一郎,一木正恵,野田雄介,尾崎裕和
84,加藤新,武藤淳,山本剛義
85,酒井聖博,和田旭,竹之下寛次,竹村謙太郎
86,鈴木雅之,葉山浩樹,遠藤光貴
87,三宅喜重,小松隆志,植田尚
88,松田秀知,佐藤源太
89,清弘誠,大岡進
90,橋本一,猪原達三,伊藤寿浩
91,吉野洋,国本雅広,久保田充
92,笠浦友愛,梛川善郎,田中英治,山下白
93,山本剛義,塚原あゆ子
94,石川一郎,藤岡浩二郎,麻生学
95,藤田明二,今井和久,高橋伸之
96,光野道夫,石井祐介
97,岡本浩一
98,合津夏枝,佐藤善木
99,岡田寧
100,石井康晴,坪井敏雄,渡瀬暁彦
101,宮下健作,七高剛
102,清水一彦
103,岡崎栄,石塚嘉
104,岡田健,渡邊良雄
105,福澤克雄
106,下山天,塚本連平
107,加藤裕将,小原一隆
108,南雲聖一,佐久間紀佳,狩山俊輔
109,金子文紀,加藤新,清弘誠,森嶋正也
110,矢田清巳,井上泰治,金鐘守
111,永山耕三,西浦正記
112,河毛俊作,水田成英,佐藤祐市,大木綾子
113,村上正典,都築淳一,白木啓一郎,根本和政
114,荒井光明,山崎統司
115,吉田啓一郎,杉村六郎,田村孝蔵,長谷川康
116,佐久間紀佳,茂山佳則
117,辻野正人,森本浩史,石川一郎,兼崎涼介
118,池添博,本橋圭太,梶山貴弘
119,西谷弘,石川淳一,葉山浩樹
120,前田哲,塚本連平,七高剛,松川崇史
121,笠浦友愛
122,加藤新,今井夏木
123,藤岡浩二郎,山下智彦,橋本一
124,片山修,田村直己
125,石塚嘉,黛りんたろう,田中英治
126,吉田努,安達もじり
127,渡辺一貴,松浦善之助
128,英勉,坪井敏雄
129,谷村政樹
130,大谷太郎,岩本仁志,石尾純
131,平野俊一,大岡進,松田礼人
132,成田岳,石井祐介
133,松山博昭,長瀬国博,大木綾子
134,白木啓一郎,本橋圭太
135,谷村政樹,阿部雅和,佐々木詳太
136,村上牧人,冨塚博司,藤尾隆
137,和泉聖治,橋本一,東伸児,安養寺工,近藤俊明,坂田勝亮
138,岩本仁志,久保田充
139,梛川善郎,周山誠弘,福井充広
140,松田秀知,佐藤源太,田村直己
141,石川一郎,猪原達三,藤岡浩二郎
142,澤田鎌作,平野眞,水田成英
143,本田隆一
144,土方政人,城宝秀則
145,植田尚,韓哲
146,高橋伸之,麻生学
147,下山天,唐木希浩,常廣丈太
148,国本雅広,大久保智己
149,吉村芳之,堀切園健太郎,梶原登城
150,金子文紀,吉田秋生,中井芳彦
151,佐藤東弥,猪股隆一,狩山俊輔
152,柴田岳志,佐藤幹夫,加藤拓,木村隆文,一色隆司
153,西田征史
154,平川雄一朗,山室大輔,川嶋龍太郎
155,酒井聖博,村田忍,竹村謙太郎
156,関野宗紀,北原幸信
157,石川淳一,城宝秀則
158,三宅喜重,植田尚
159,長尾啓司,井上昌典,辻野正人
160,南雲聖一,吉野浩,木内健人
161,森雅弘,日比野朗,水村秀雄
162,橋本一,森本浩史
163,片山修,今井和久,二宮浩行,梶山貴弘
164,大宮エリー,爲川裕之,柿沼竹生,浅見真史
165,石井康晴,川嶋龍太郎
166,小松隆志,田村直己
167,内片輝,遠藤光貴,茂山佳則
168,佐藤太,松永洋一,豊島圭介
169,佐藤峰代
170,岡田健,榎戸崇泰
171,平野俊一,麻生学
172,大塚恭司
173,大友啓史,真鍋斎,渡辺一貴,梶原登城,福岡利武,松園武大,西村武五郎
174,加藤新,今井夏木,韓哲
175,井上泰治,和田圭一
176,西谷弘,平野眞
177,佐々木章光
178,白井博
179,村上正典,岩田和行
180,今井和久,植田尚,星野和成,白木啓一郎
181,橋本一,藤岡浩二郎,石川一郎
182,水田伸生,長沼誠
183,一色隆司
184,藤田明二,高橋伸之,秋山純
185,吉田啓一郎,村川透,山下智彦
186,光野道夫
187,福田雄一,岡本浩一,塚本連平,久保田博紀
188,高成麻畝子,吉田秋生,川嶋龍太郎
189,七高剛,田村直己,寒竹ゆり,尾形竜太
190,木村ひさし,神徳幸治
191,唐木希浩,常廣丈太
192,清水一彦,周山誠弘
193,大橋守,野田雄介,山本晃久
194,倉貫健二郎,松田礼人,浜弘大
195,中島悟,石尾純
196,山室大輔,平野俊一,韓哲,石井康晴
197,小松隆志,大塚徹,日比野朗
198,村田忍,酒井聖博,竹村謙太郎
199,澤田鎌作,小原一隆
200,佐藤峰世,福井充広,佐々木善春
201,片岡敬司,土井祥平
202,森雅弘,水村秀雄,深迫康之
203,土方政人,都築淳一,石川淳一
204,本橋圭太,田中峰弥,白木啓一郎,大内隆弘
205,杉村六郎,吉田啓一郎,長谷川康,田村孝蔵
206,吉野洋,南雲聖一,石尾純
207,森本浩史,辻野正人,石川一郎,兼崎涼介,西山太郎,濱龍也
208,猪原達三,常廣丈太,高橋伸之
209,河毛俊作,加藤裕将
210,耶雲哉治,爲川裕之,齊藤雄基,川村直紀
211,岩本晶
212,宮藤官九郎,吉田健,土井裕泰
213,三木聡
214,塚本連平,白川士,冨塚博司
215,吉村芳之,田中英治
216,柳川強,松浦善之助,須崎岳
217,本木一博,堀切園健太郎
218,麻生学,中前勇児
219,猪股隆一
220,武藤淳,生野慈朗,渡瀬暁彦
221,矢田清巳,金鐘守,上杉尚祺,井上泰治,森本浩史
222,佐々木章光,古厩智之,村上牧人,山内宗信
223,宮本理江子,石井祐介,並木道子
224,黒崎博,柳川強
225,山口雅俊,川村泰祐
226,河野圭太,城宝秀則
227,小林義則,植田泰史
228,和泉聖治,近藤俊明,橋本一,東伸児,田村孝蔵
229,佐藤東弥,南雲聖一
230,清弘誠,荒井光明,山崎統司
231,松田秀知,田村直己
232,黒沢直輔,石川一郎,藤岡浩二郎
233,水田成英,葉山浩樹
234,植田尚,大塚徹,二宮浩行
235,堤幸彦,加藤新,今井夏木,金子文紀
236,唐木希浩,高橋伸之
237,白川士,遠藤光貴
238,狩山俊輔,佐久間紀佳
239,佐藤幹夫,木村隆文
240,石井康晴,坪井敏雄,大澤祐樹
241,常廣丈太
242,石川淳一,岩田和行
243,麻生学,木村ひさし,鈴木浩介,八木一介
244,西浦正記,葉山浩樹,関野宗紀,葉山裕記
245,西谷真一,佐藤峰世
246,大原拓,辻野正人,末永創
247,西海謙一郎
248,村上正典,佐藤源太,城宝秀則
249,今井和久,小松隆志,星野和成
250,大谷太郎,森雅弘,石尾純
251,猪原達三,石川一郎,藤岡浩二郎
252,藤田明二
253,西坂瑞城,永山耕三
254,岡本浩一,石川北二,本田隆一
255,平野俊一,山本剛義
256,小松隆志,塚本連平
257,片山修
258,一色隆司,黛りんたろう,土井祥平
259,梛川善郎
260,中島悟,国本雅広,久保田充,松永洋一
261,伊勢田雅也,野田雄介,清水拓哉
262,山室大輔,吉田健
263,高橋伸之
264,土方政人,岩田和行,平野眞
265,酒井聖博,竹園元,村田忍,竹村謙太郎
266,澤田鎌作,松山博昭,宮木正悟
267,本木一博,富沢正幸
268,勝田夏子,柳川強,西村武五郎
269,水村秀雄,本多繁勝,深迫康之
270,水田成英,西浦正記
271,三宅喜重,白木啓一郎
272,猪崎宣昭,麻生学,長谷川康
273,南雲聖一,石尾純,日暮謙
274,吉田啓一郎,森本浩史,石川一郎,黒沢直輔,山下智彦
275,唐木希浩,常廣丈太
276,光野道夫,石井祐介,田中亮
277,大久保智己,千葉行利,国本雅広,爲川裕之,竹綱裕博,坂本栄隆
278,金子文紀,吉田秋生,武藤淳
279,湯浅典子,浜弘大
280,本木克英,高橋伸之
281,豊島圭介,佐藤太
282,吉野洋,猪股隆一,佐久間紀佳
283,平川雄一朗,那須田淳,山室大輔
284,田村直己,塚本連平
285,河野圭太
286,金鐘守,矢田清巳,井上泰治,山下智彦
287,武内英樹,谷村政樹,川村泰祐,関野宗紀
288,落合正幸
289,渡邊良雄
290,塚原あゆ子,竹村謙太郎
291,飯塚健,原桂之介
292,岩田和行,佐藤源太,北川学
293,今井和久,星野和成,小松隆志
294,杉村六郎,吉田啓一郎,田村孝蔵
295,久保田充
296,菅原伸太郎,北川敬一
297,黒沢直輔,藤岡浩二郎,石川一郎
298,秋山純
299,永山耕三,宮本理江子,並木道子
300,白川士,渋谷英史
301,坪井敏雄,平野俊一
302,韓哲,佐藤敦司,芝崎弘記
303,片山修,藤田明二,常廣丈太
304,一色隆司
305,中島悟,大谷太郎,松永洋一,松原浩
306,今井夏木,吉田健,武藤淳
307,麻生学,樹下直美
308,松田秀知,後藤庸介,都築淳一
309,石井祐介,並木道子
310,佐々木章光,古厩智之
311,西谷真一,土井祥平
312,松岡錠司,山下敦弘,小林聖太郎,野本史生
313,鈴木おさむ
314,土方政人,石川淳一,村井嘉則
315,村上正典,佐藤源太,白木啓一郎
316,東伸児,近藤俊明,橋本一,田村孝蔵,安養寺工,和泉聖治
317,猪股隆一,佐藤東弥,石尾純,日暮謙
318,三池崇史,渡辺武,菅原伸太郎,矢部享
319,石井康晴,山本剛義,酒井聖博
320,本橋圭太,猪原達三
321,石川一郎,兼崎涼介,濱龍也,森本浩史,伊藤寿浩
322,水田成英,小原一隆,宮木正悟,西坂瑞城
323,植田尚,星野和成,竹網裕博,安見悟朗
324,金子文紀,山室大輔,渡瀬暁彦
325,木村ひさし,大内舞子
326,片山修,唐木希浩
327,狩山俊輔,佐久間紀佳
328,加藤拓
329,福澤克雄
330,小松隆志,田村直己,大塚徹
331,国本雅広,大久保智己
332,新城毅彦,山下学美,島添亮
333,佐藤信介,成田岳,平野眞,長瀬国博
334,梛川善郎,小林大児,藤並英樹
335,渋谷未来,河原瑶,岡嶋純一
336,堤幸彦,白石達也,高橋洋人,深迫康之,藤原知之
337,佐藤祐市,石川淳一
338,本橋圭太,白木啓一郎,木内健人
339,菅原伸太郎,西野真貴
340,南雲聖一,茂山佳則
341,河合勇人
342,石井康晴,川嶋龍太郎,山室大輔
343,藤田明二,落合正幸,常廣丈太
344,宮本理江子,谷村政樹,並木道子
345,本田隆一
346,高成麻畝子,大澤祐樹,吉田秋生
347,鈴木浩介,松田礼人,阿南昭宏,福田亮介
348,高橋伸之,塚本連平,梶山貴弘
349,佐藤太,豊島圭介,廣田啓,佐野友秀
350,佐久間紀佳,森雅弘
351,福田雄一
352,柴田岳志
353,土井裕泰
354,小泉徳宏,及川拓郎,七高剛,石井裕也
355,河野圭太,城宝秀則
356,酒井聖博,荒井光明,村田忍,竹村謙太郎,竹園元
357,武藤淳,大澤祐樹
358,木村好克,橋本光二郎,真壁幸紀
359,松山博昭,加藤裕将,石井祐介
360,井上剛,一木正恵,岡田健
361,岸善幸
362,福田雄一,久保田博紀,深迫康之,竹園元
363,三宅喜重,白木啓一郎
364,石川淳一,城宝秀則
365,猪原達三,長谷川康,田村直己
366,岩本仁志,猪股隆一
367,吉村芳之
368,坪井敏雄,渡瀬暁彦,金子文紀
369,山下智彦,兼崎涼介,濱龍也,吉田啓一郎,森本浩史
370,片山修,植田尚,常廣丈太
371,光野道夫,西坂瑞城,田中亮
372,遠藤光貴
373,村上正典,木下高男
374,星野和成,塚本連平,秋山純
375,並木道子,宮木正悟
376,中島悟
377,窪田崇,守屋健太郎,樹木雅彦
378,木村○ひさし,吉田健,韓哲
379,名越稔洋
380,岩田和行,都築淳一,佐藤源太
381,清弘誠,池澤辰也,東田陽介
382,三木康一郎,宮下健作,筧昌也
383,西浦正記,田中亮
384,佐々木章光,古厩智之
385,渡邊良雄,新田真三
386,三木孝浩,二宮崇,深迫康之,松居大悟,上田誠
387,今井和久
388,河野圭太,城宝秀則,池辺安智,木下高男
389,杉村六郎,吉田啓一郎,長谷川康,田村孝蔵
390,水田伸生,長沼誠
391,山室大輔
392,猪崎宣昭,長谷川康,伊藤寿浩
393,石川一郎,藤岡浩二郎,黒沢直輔
394,星野和成,植田尚
395,岡本伸吾,石井康晴
396,常廣丈太,唐木希浩,日暮謙
397,佐藤太,豊島圭介,佐野友秀,廣田啓
398,柳川強,野田雄介
399,葉山裕記,宮木正悟
400,佐藤東弥,大谷太郎,西野真貴,森雅弘
401,守屋健太郎,河合勇人
402,福田雄一
403,日比野朗
404,水田成英,小林義則,八十島美也子
405,唐木希浩,田中峰弥,浅見真史
406,堤幸彦,飯塚健,森義隆,深川栄洋,犬童一心,中村義洋,沖田修一
407,鈴木雅之,平野眞,金井紘
408,本木一博,松浦善之助
409,福井充広,東山允裕
410,湯浅典子,深迫康之
411,石川淳一,植田泰史
412,是枝裕和
413,近藤俊明,和泉聖治,東伸児,田村孝蔵,安養寺工,橋本一
414,久保田充,長沼誠,柿沼竹生
415,窪田崇,西野真貴
416,高成麻畝子,吉田秋生,渋谷未来
417,田村直己,松田秀知
418,猪原達三,藤岡浩二郎,石川一郎
419,石井祐介,田中亮,関野宗紀
420,岡本浩一,石川北二,茂山佳則,本田隆一
421,金子文紀,渡瀬暁彦,藤江儀全
422,秋山純,塚本連平,大塚徹
423,田中健二,堀切園健太郎
424,星護,北川学
425,佐久間紀佳,猪股隆一,菅原伸太郎
426,河合勇人,橋本光二郞,滝本憲吾
427,福澤克雄,平野俊一,大澤祐樹,石井康晴
428,西坂瑞城,長瀬国博,高野舞,成田岳
429,酒井聖博,吉田秋生,荒井光明,武藤淳
430,波多野貴文,橋本光二郎
431,松山博昭,宮木正悟
432,渋谷未来,山内宗信,岡嶋純一
433,合津直枝
434,久保田博紀,竹園元,深迫康之
435,葉山裕記
436,今井和久,植田尚
437,南雲聖一,吉野洋
438,佐藤峰世,福井充広
439,堀江慶,鈴木浩介,神徳幸治
440,石川一郎,田崎竜太,森本浩史
441,本橋圭太,星野和成
442,宮本理江子,並木道子
443,池澤辰也,山内宗信
444,塚原あゆ子,山本剛義,棚澤孝義
445,兼崎涼介
446,黒崎博
447,都築淳一,佐藤源太,村上正典
448,菅原伸太郎,狩山俊輔,松山雅則
449,河合勇人
450,加藤拓,一木正恵,末永創,清水拓哉,佐々木善春,中野亮平,長谷知記
451,平川雄一朗,山室大輔,中前勇児
452,星護,土方政人,城宝秀則
453,吉田健,竹村謙太郎,北川雅一
454,飯塚健
455,大浜直樹,竹村謙太郎,堀英樹,大内舞子
456,西坂瑞城,澤田鎌作,金井紘
457,岡田健,木内健人,田中英治
458,白木啓一郎,星野和成,田中耕司
459,永山耕三,兼崎涼介
460,長谷川康,高橋浩,七高剛
461,佐藤祐市,岩田和行
462,猪股隆一,岩本仁志,吉野洋,日暮謙
463,石塚嘉,安達もじり
464,石井康晴,坪井敏雄,大澤祐樹,池田克彦
465,日比野朗,水村秀雄,高石明彦,田部井稔
466,黒沢直輔,石川一郎
467,塚本連平,常廣丈太,小松隆志
468,田中亮,平野眞,関野宗紀
469,国本雅広,石川北二,爲川裕之
470,岡本伸吾,渡瀬暁彦,川嶋龍太郎
471,田村直己,植田尚
472,園子温,入江悠,鈴木太一,月川翔
473,野田雄介,松浦善之助
474,笠浦友愛,中島由貴
475,宅間孝行,成田岳
476,佐久間紀佳,南雲聖一,西野真貴
477,窪田崇,滝本憲吾,河合勇人
478,土井裕泰,山室大輔,福田亮介
479,塚原あゆ子,金子文紀,山本剛義,竹村謙太郎
480,福田雄一,入江悠
481,松永洋一,伊藤裕史,高橋貴司
482,石井祐介,宮木正悟,金井紘
483,渡邊良雄,渡辺一貴
484,佐々木章光,山内宗信,村上牧人
485,堀英樹
486,田島大輔,水田成英,高野舞,西浦正記
487,スターマン ディレクターズ
488,長谷川康,杉村六郎,吉田啓一郎
489,鈴木雅之,小林義則,佐藤源太
490,水田伸生,相沢淳
491,大塚恭司,明石広人,岡本充史,長沼誠
492,岡崎栄,岡田健,土井祥平
493,河合勇人,岡本伸吾,山室大輔
494,鶴田法男,竹園元,内藤瑛亮
495,本橋圭太,猪原達三,樹下直美
496,藤岡浩二郎
497,河野圭太,葉山裕記,加藤裕将
498,大塚徹,新村良二,二宮浩行
499,吉田秋生,酒井聖博,阿南昭宏
500,木村ひさし,藤原知之
501,安達もじり,藤並英樹
502,堀切園健太郎,新田真三
503,星護,高丸雅隆
504,久保田充,吉野洋,岩本仁志
505,守屋健太郎,千村利光,滝本憲吾,本田隆一
506,福澤克雄,棚澤孝義,田中健太
507,鈴木浩介,吉田健,竹村謙太郎,川嶋龍太郎
508,三木聡
509,中江功,谷村政樹,高野舞,高橋貴司
510,大原拓,榎戸崇泰
511,澤田鎌作,成田岳,長瀬国博,森脇智延
512,土方政人,植田泰史,三木茂
513,和泉聖治,東伸児,近藤俊明,橋本一,安養寺工,近藤一彦
514,石川淳一
515,佐藤東弥,中島悟
516,二宮崇,三木康一郎,塚本連平
517,西海謙一郎,横井健司
518,田村直己,松田秀知
519,森本浩史,石川一郎,田崎竜太,濱龍也
520,武内英樹,平野眞,宮木正悟
521,熊坂出,本田隆一,守屋健太郎
522,渡瀬暁彦,山本剛義,大澤祐樹
523,塚本連平,秋山純,星野和成,小池隆志
524,赤羽博,池添博,岡嶋純一
525,木下高男
526,中島由貴,黒崎博
527,福井充広,松園武大
528,七高剛
529,狩山俊輔
530,大塚恭司
531,福田雄一
532,波多野貴文,木村ひさし,坪井敏雄
533,岡本伸吾,酒井聖博
534,犬童一心,小中和哉
535,松山博昭,宮木正悟,関野宗紀,品田俊介,小原一隆
536,黛りんたろう,一色隆司
537,今井和久,白木啓一郎,植田尚
538,佐藤祐市,岩田和行
539,葉山浩樹,城宝秀則
540,猪股隆一,長沼誠,鈴木勇馬
541,黛りんたろう
542,倉貫健二郎,松田礼人,堀英樹
543,山口雅俊,白川士,遠藤光貴
544,常廣丈太,本橋圭太
545,田中亮,水田成英,森脇智延
546,長江俊和,茂山佳則
547,生野慈朗,山室大輔,池田克彦,大内舞子
548,塚本連平
549,白川士,猪原達三,大内隆弘
550,西浦正記,小林和紘
551,河野圭太,都築淳一
552,中島悟,初山恭洋,西野真貴
553,窪田崇,後藤孝太郎,伊藤裕史,西村了,中茎強
554,田中健二,本木一博,大原拓
555,平野俊一,石井康晴,土井裕泰,渡瀬暁彦
556,石井康晴,竹村謙太郎,韓哲
557,河毛俊作,林徹,石井祐介
558,伊勢田雅也,清水拓哉,長谷知記
559,吉田秋生,荒井光明
560,福田雄一,塚本連平,深迫康之
561,金井紘,谷村政樹,長瀬国博
562,三宅喜重,小松隆志
563,猪崎宣昭,新村良二
564,村上正典,佐藤源太
565,南雲聖一,佐久間紀佳,鈴木勇馬
566,梛川善郎,小島史敬
567,羽住英一郎
568,橋本一,波多野貴文
569,黒沢直輔,石川一郎
570,宮本理江子
571,植田尚
572,塚原あゆ子,渡瀬暁彦,平野俊一
573,中田秀夫,常廣丈太,筧昌也,本橋圭太
574,鈴木浩介
575,加藤拓,中島由貴
576,堀切園健太郎
577,水田成英,樹下直美
578,菅原伸太郎,池田健司,明石広人
579,西村了,本田隆一
580,福澤克雄,棚澤孝義,田中健太
581,金子文紀,岡本伸吾,竹村謙太郎,山崎統司
582,鈴木雅之,平野眞,金井紘,森脇智延
583,日比野朗,水村秀雄
584,河合勇人,橋本光二郎
585,近藤俊明,森本浩史
586,李闘士男
587,飯塚健,白木啓一郎,大塚徹
588,土方政人,植田泰史,山内大典
589,長谷川康
590,杉田成道,中江功,並木道子
591,佐藤東弥,長沼誠,山下学美
592,西谷真一,佐藤峰世,田中英治,川野秀昭
593,吉田健,村上牧人,根本和政
594,常廣丈太,星野和成,片山修
595,田村直己,猪原達三,兼崎涼介
596,西谷弘,高野舞,西坂瑞城,光野道夫
597,池澤辰也,村松弘之,伊藤大輔
598,坪井敏雄,山本剛義,伊藤雄介
599,秋山純,小松隆志,塚本連平
600,水谷俊之,藤尾隆,金澤友也
601,清水一彦,土井翔平
602,宮木正悟,品田俊介,高橋貴司
603,木村ひさし,狩山俊輔,山田信義
604,河合勇人,中茎強
605,鈴木浩介,水村秀雄
606,松山博昭,金井紘,林徹,品田俊介
607,黒崎博,田中正
608,滝本憲吾,竹村謙太郎,酒井聖博
609,松岡錠司,熊切和嘉,山下敦弘,野本史生
610,筧昌也,星野和成
611,城宝秀則,小椋久雄,小林義則
612,池澤辰也,和泉聖治,橋本一,近藤俊明
613,西浦正記,宮脇亮
614,中島悟
615,吉川一義,酒井信行,真鍋斎
616,都築淳一,木下高男
617,羽住英一郎
618,田村直己,松田秀知
619,田崎竜太,森本浩史,石川一郎
620,田中亮,平野眞,関野宗紀
621,国本雅広,本多繁勝
622,塚原あゆ子,山本剛義
623,小松隆志,植田尚
624,本橋圭太,赤羽博
625,石塚嘉,小林大児
626,伊勢田雅也,土井祥平
627,佐久間紀佳,池田健司,明石広人,松山雅則
628,栗原甚
629,山室大輔,金子文紀,福田亮介
630,伊藤寿浩,竹園元
631,武内英樹,石川淳一,洞功二
632,岩本仁志,山下学美,後藤孝太郎
633,柴田岳志,福井充広
634,今井夏木,坪井敏雄,伊藤雄介,東仲恵吾,加藤新
635,宝来忠昭
636,三宅喜重,白木啓一郎,鈴木浩介
637,土方政人,佐藤源太,山内大典
638,西坂瑞城,宮木正悟
639,猪股隆一
640,黛りんたろう,川野秀昭
641,光野道夫,岩田和行
642,本橋圭太
643,田崎竜太,藤岡浩二郎
644,並木道子,加藤裕将,森脇智延
645,長江俊和,島崎敏樹,村松弘之,亀谷英司
646,石井康晴,山室大輔
647,塚原あゆ子
648,日比野朗,国本雅広
649,岡田健,一色隆司
650,南雲聖一,鈴木勇馬,田部井稔
651,大谷太郎,河合勇人
652,渡邊良雄,末永創,安達もじり
653,福澤克雄,棚澤孝義,田中健太
654,中江功,谷村正樹
655,松浦善之助,田中正,安藤大佑,増田靜雄
656,塚原あゆ子,竹村謙太郎,福田亮介
657,飯塚健
658,白木啓一郎,木内健人
659,田村孝蔵
660,宮本理江子
661,水田伸生
662,佐藤峰世,吉村芳之,田中英治
663,堤幸彦,加藤新,坪井敏雄,白石達也
664,七高剛
665,兼崎涼介,渡辺勝也
666,田中亮,平野眞,関野宗紀
667,藤村享平,本田隆一
668,吉田健
669,波多野貴文
670,猪原達三
671,井上剛
672,清水一彦,川野秀昭
673,後藤庸介,淵上正人
674,山内大典,北坊信一
675,中島悟,川村泰祐,松永洋一,山田信義
676,平川雄一朗,岡本伸吾
677,佐藤東弥,石尾純
