0,福田靖
1,根津理香
2,岡田惠和
3,大石静,神ひとえ,高橋麻紀,白金カナ
4,深沢正樹,波多野都
5,冨岡淳広,高木登,押井守,藤咲淳一
6,阿相クミコ,浜田秀哉,丸茂周
7,高山直也,半澤律子,川嶋澄乃
8,相良敦子
9,橋田壽賀子
10,櫻井武晴,森下直,真部千晶,岩下悠子,松本美弥子
11,尾崎将也,田子明弘,樫田正剛,酒井直行
12,浅野妙子
13,橋部敦子
14,蒔田光治,大野敏哉,遠藤彩見,林壮太郎
15,林誠人,荒井修子,加藤純也,小川みづき
16,藤井邦夫,岡本さとる
17,斉藤樹実子,川上英幸,菱田信也,井川香四郎,坂田義和
18,矢島正雄,小林雄次
19,山本むつみ
20,いずみ吉紘
21,古家和尚
22,江頭美智留,横田理恵,松田裕子
23,坂元裕二
24,長川千佳子,東多江子,武藤久里,丸山智子
25,坂元裕二
26,武藤将吾
27,荒井修子,佐藤久美子
28,遊川和彦
29,古沢良太
30,旺季志ずか,福間正浩,関えり香
31,浅野妙子
32,塩田千種,櫻井武晴,岩下悠子,福田卓郎,真部千晶
33,大石静
34,林宏司
35,前川洋一,西田征史
36,徳永友一
37,尾崎将也
38,金子成人,森下直,奥村俊雄
39,尾西兼一
40,福田靖
41,渡邉睦月
42,福田雄一
43,山浦雅大
44,篠崎絵里子
45,山田孝行,小曽根豊斗,宮川一郎,沢橋凜
46,酒井直行,岡本さとる,奥村俊雄
47,浅野妙子
48,後藤法子
49,徳永友一,武藤将吾,古家和尚
50,武田有起,高橋麻紀
51,輿水泰弘,徳永富彦,岩下悠子,渡辺雄介,櫻井武晴,ハセベバクシンオー,佐伯俊道,古沢良太,波多野都
52,中園ミホ
53,伴一彦,真柴あずき
54,石原武龍,塩田千種,森下直,岩下悠子,波多野都
55,龍居由佳里
56,倉本聰
57,三浦有為子,山岡真介,加藤公平
58,宮藤官九郎
59,深沢正樹,倉持裕
60,荒井修子
61,中園健司,飯野陽子
62,蒔田光冶,渡辺雄介
63,渡辺千穂,半澤律子
64,大宮エリー
65,水橋文美江,渡辺雄介,及川拓郎
66,井上由美子
67,金子茂樹
68,古家和尚
69,水橋文美江
70,渡辺雄介
71,吉田智子,松田裕子,山崎淳也
72,藤本有紀,相原かさね
73,尾崎将也,高山直也,旺季志ずか,三上幸四郎
74,山田太一
75,古賀直樹,田辺茂範,渡邉睦月,田辺茂範,横田理恵,山上ちはる
76,野島伸司
77,寺田敏雄,岡本さとる,前川洋一,森下直,後藤法子,瀧本智行
78,永田優子
79,前川洋一
80,山浦雅大,八津弘幸,渡辺啓
81,福田雄一
82,岡田惠和
83,小松江里子
84,藤本有紀
85,石原武龍,奥村俊雄,小澤俊介,難波江由紀子
86,龍居由佳里,森ハヤシ
87,尾崎将也
88,武藤将吾
89,清水有生
90,坂田義和,佐伯俊道,尾西兼一,岩下悠子
91,高橋麻紀,吉本昌弘
92,高橋留美,増本庄一郎,遠藤彩見,瀧川晃代,高山なおき
93,荒井修子,松居大悟
94,西岡琢也,塩田千種,岩下悠子,西村康昭
95,竹山洋
96,林宏司
97,岩村匡子
98,森岡利行
99,野依美幸,仲村みなみ
100,宅間孝行,篠崎絵里子
101,大石哲也
102,尾西兼一
103,吉田紀子
104,宮村優子,加藤綾子
105,蒔田光治
106,深沢正樹,飯田譲治
107,前川洋一,八津弘幸
108,及川拓郎
109,池端俊策
110,山田孝行,小木曽豊斗,岡本さとる,横山一真,櫻井康裕,沢橋凛
111,大森美香
112,二木洋樹,一色伸幸,高山直也,林誠人,小川真
113,小川智子,大久保ともみ,半澤律子
114,橋田壽賀子
115,深沢正樹,瀧川晃代,徳永富彦
116,土田英生
117,櫻井武晴,真部千晶,松本美弥子,李正姫,岩下悠子,森下直
118,永田優子
119,古家和尚
120,福田雄一
121,金子ありさ
122,青木万央,ワーナー・ブラザース映画ライターズワークショップ,小林雄次
123,真部千晶,波多野都,末安正子,ハセベバクシンオー,岩下悠子,松田知子
124,中園ミホ
125,川上英幸,菱田信也,飯野陽子,梶本恵美
126,菱田信也
127,遊川和彦
128,マギー
129,野口照夫,栗原鞠記,半澤律子,吹原幸太
130,君塚良一,金沢達也
131,橋本裕志
132,福田雄一
133,黒岩勉
134,大島里美
135,野口照夫,吹原幸太
136,川嶋澄乃,友澤晃一,石原武龍
137,太田愛,戸田山雅司,徳永富彦,福田健一,櫻井武晴,ハセベバクシンオー,ブラジリィー・アン・山田,玉田義正,古沢良太
138,大石静
139,佐伯俊道,山浦雅大
140,寺田敏雄,深沢正樹,稲葉一広,西森英行
141,塩田千種,櫻井武晴,岩下悠子,福田卓郎,真部千晶
142,橋部敦子
143,田村孝裕,山岡真介
144,樫田正剛
145,尾崎将也,関えり香
146,大島里美,荒井修子,高橋麻紀
147,橋本裕志
148,渡邉睦月
149,古沢良太
150,岡田惠和
151,井上由美子
152,野沢尚
153,西田征史
154,森下佳子
155,石原武龍,大川俊道,いとう斗士八,奥村俊雄,難波江由紀子
156,林宏司
157,渡辺千穂
158,尾崎将也
159,中村多恵子,佐伯俊道
160,遊川和彦
161,旺季志ずか
162,櫻井武晴,岩下悠子
163,荒井修子
164,大宮エリー
165,篠崎絵里子
166,深沢正樹,倉持裕
167,坂上かつえ
168,森ハヤシ,鎌田智恵,瀬戸山美咲,橋本博行,山岡潤平
169,藤本有紀
170,宅間孝行
171,渡辺雄介
172,秦建日子
173,福田靖
174,西荻弓絵
175,岡本さとる,横山一真,小瀧光郎,金子成人
176,浅野妙子
177,浅野妙子
178,田辺満
179,酒井雅秋,浜田秀哉,中邨武尊,谷和俊
180,後藤法子,田中眞一
181,坂田義和,尾西兼一,佐伯俊道,吉本昌弘
182,坂元裕二
183,横田理恵
184,井上由美子
185,塩田千種,末安正子,早船歌江子,森下直,岩下悠子
186,北川悦吏子
187,福田雄一
188,永田優子
189,渡辺雄介,北澤寛,福島治子,長田敏靖,寒竹ゆり,山岡潤平
190,福田卓郎,高山直也,山岡真介
191,大石哲也
192,尾西兼一
193,坂元裕二
194,江頭美智留,渡辺啓,清水友佳子
195,西田征史,石尾純
196,牧野圭祐,真野勝成
197,旺季志ずか,高山直也
198,大川俊道,石原武龍,安井国穂,いとう斗士八,岡芳郎,渡邉睦月
199,大森美香
200,吉田紀子
201,大森美香
202,鎌田智恵,守口悠介
203,武藤将吾
204,渡辺雄介,秦建日子
205,深沢正樹,岡崎由紀子,波多野都,徳永富彦,ハセベバクシンオー,真部千晶,瀧川晃代
206,水橋文美江
207,真部千晶,戸田山雅司,櫻井武晴,松本美弥子
208,吉本昌弘,長坂秀佳
209,野島伸司
210,いずみ吉紘,ますもとたくや
211,高橋ナツコ
212,宮藤官九郎
213,三木聡
214,佐藤久美子,山本あかり
215,前川洋一
216,西岡琢也
217,長川千佳子
218,高橋麻紀,金沢達也
219,梅田みか
220,林宏司
221,金子成人,岡崎由紀子,横山一真,小木曽豊斗
222,羽原大介,旺季志ずか
223,臼田素子,秋山竜平
224,大石静
225,福間正浩,山口雅俊,李正姫
226,橋部敦子
227,大久保ともみ,平野悠希
228,戸田山雅司,輿水泰弘,太田愛,櫻井武晴,ブラジリィー・アン・山田,徳永富彦
229,吉田智子,山崎淳也
230,橋田壽賀子
231,中園ミホ
232,西岡琢也,塩田千種,洞澤美恵子,岩下悠子,難波江由紀子
233,林宏司
234,荒井修子,高山直也,田中眞一,田辺茂範
235,西荻弓絵
236,吉田紀子
237,樫田正剛,徳永友一,杉山嘉一
238,木皿泉
239,野沢尚,佐藤幹夫,柴田岳志
240,橋本裕志
241,渡辺雄介,森ハヤシ
242,浜田秀哉,酒井雅秋,阿相クミコ,篠崎絵里子
243,中園健司,岩村匡子
244,安達奈緒子
245,大島里美
246,岩下悠子,松本美弥子,武上純希,中村志保
247,公園兄弟
248,寺田敏雄,田辺満,高山直也,中村功一,吉高寿男,佐伯俊道
249,神山由美子
250,江頭美智留,松田裕子,梅田みか
251,丸茂周,真部千晶,武上純希
252,竹山洋,吉本昌弘,ちゃき克彰
253,古家和尚,池上純哉
254,大石哲也,鈴木智,川嶋澄乃
255,荒井修子,渡辺雄介,徳永友一
256,深沢正樹
257,高橋ナツコ,日比野正和
258,金子成人,梶本惠美,横山一真
259,大森寿美男
260,伴一彦
261,田渕久美子
262,高橋麻紀
263,八津弘幸
264,秦建日子,森ハヤシ
265,いとう斗士八,大川俊道,岡芳郎,安井国穂
266,井上由美子,古家和尚
267,宮村優子
268,中園ミホ,吉澤智子
269,村上桃子
270,渡辺千穂
271,大島里美,大久保ともみ
272,尾西兼一,伊藤洋子,池上純哉,坂田義和,徳永富彦
273,遊川和彦
274,塩田千種,森下直,岩下悠子
275,大石哲也
276,林宏司,徳永友一
277,山崎淳也,真柴あずき,荒井修子,岩村匡子,高橋悠也
278,鈴木おさむ
279,牧野圭祐,谷岡由紀,大林利江子,野高みゆき
280,寺田敏雄
281,山岡潤平,橋本博行,山岡真介,鎌田智恵
282,吉本昌弘
283,森下佳子
284,森ハヤシ
285,櫻井剛,阿相クミコ
286,黒土三男,大原久澄,水谷龍二,横山一真,小木曽豊斗,福田卓郎,岡崎由紀子
287,吉田智子
288,溝井英一デービス,山岡潤平
289,篠崎絵里子
290,武田有起,渡辺啓
291,飯塚健,原桂之介
292,浜田秀哉,酒井雅秋,黒岩勉
293,後藤法子
294,ハセベバクシンオー,深沢正樹,真部千晶,瀧川晃代,波多野都,岡崎由紀子,徳永富彦
295,橋部敦子
296,秦建日子,猪原健太,尾崎悟史
297,西岡琢也,洞澤美恵子,難波江由紀子,塩田千種,岩下悠子
298,井上由美子
299,坂元裕二
300,秦建日子,杉山嘉一
301,高橋麻紀
302,池田奈津子
303,菱田信也
304,横田理恵
305,大石哲也,根本ノンジ
306,清水友佳子,泉澤陽子,関えり香
307,旺季志ずか
308,山上ちはる,半澤律子
309,山崎宇子,坂口理子
310,浅野妙子
311,今井雅子
312,真辺克彦,向井康介,荒井晴彦,荒井美早
313,鈴木おさむ,岩本　哲也
314,黒岩勉
315,伴一彦
316,櫻井武晴,太田愛,戸田山雅司,徳永富彦,守口悠介,古沢良太,高橋悠也,ハセベバクシンオー
317,遊川和彦
318,NAKA雅MURA
319,羽原大介,八津弘幸
320,福田靖
321,丸茂周,李正姫,戸田山雅司,児玉頼子,櫻井武晴
322,大石静
323,関えり香,田中眞一,鈴木智
324,中園ミホ,山岡真介
325,柳谷貴博,波多野都,日高勝郎,岩村匡子,北川亜矢子
326,宮藤官九郎
327,西田征史
328,野沢尚,加藤拓,柴田岳志
329,いずみ吉紘
330,深沢正樹
331,武田有起
332,篠崎絵里子,国井桂,徳永友一
333,早船歌江子,野木亜紀子,金沢達也,宇田学
334,金子ありさ
335,西荻弓絵
336,佐藤二朗,池田鉄洋,江本純子,前田司郎,上田誠
337,龍居由佳里,黒岩勉,旺季志ずか,林誠人
338,大森美香
339,渡辺雄介,ブルースカイ,山岡潤平,福原充則,松井周,喜安浩平,G2
340,白木朋子,小林昌
341,山浦雅大,徳尾浩司
342,渡辺千穂
343,荒井修子,高山直也
344,岡田惠和
345,大宮エリー
346,永田優子
347,渡辺啓,穴吹一朗
348,大石哲也
349,根本ノンジ,安倍照雄
350,野島伸司
351,福田雄一
352,藤本有紀
353,橋本裕志
354,森ハヤシ
355,大島里美
356,大川俊道,いとう斗士八,安井国穂,岡芳郎
357,泉澤陽子,鳴門真規
358,高井浩子,遠山絵梨香,真壁幸紀,尾山奈央,小林昌
359,相沢友子,仁志光佑,岡田道尚
360,中園ミホ
361,岸善幸,田村孝裕,北川恵,坪田文
362,福田雄一
363,古家和尚
364,古沢良太
365,池上純哉,田中孝治,真部千晶,伊藤洋子
366,大石静
367,大森寿美男
368,金子ありさ,大島里美
369,岩下悠子,塩田千種,守口悠介,塩田千種,李正姫,徳永富彦
370,寺田敏雄,旺季志ずか
371,吉田智子
372,森下直,西田直子,ブラジリィー・アン・山田,児玉頼子
373,桐野世樹,山上ちはる
374,後藤法子
375,桑村さや香,早船歌江子,渡辺雄介
376,大宮エリー,高橋悠也
377,山浦雅大,松田裕子
378,櫻井武晴
379,安井国穂,熊本浩武
380,酒井雅秋,浜田秀哉
381,吉田紀子,江頭美智留,沼津そうる
382,猪原健太,橋本博行
383,安達奈緒子
384,水橋文美江
385,篠崎絵里子
386,上田誠,大歳倫弘,池浦さだ夢,三浦直之,村上慎太郎
387,深沢正樹,田中眞一
388,渡辺千穂,水野宗徳,千葉美鈴
389,深沢正樹,ハセベバクシンオー,真部千晶,瀧川晃代
390,いずみ吉紘
391,櫻井剛
392,大石哲也
393,西岡琢也,岩下悠子,洞澤美恵子,難波江由紀子
394,飯田譲治
395,山下友弘
396,高橋悠也
397,長谷川圭一,徳永友一,鎌田智恵,山岡潤平
398,坂元裕二
399,野木亜紀子,宇山佳佑
400,梅田みか,阿相クミコ,横田理恵,松田裕子
401,松田裕子
402,福田雄一
403,秦建日子
404,羽原大介
405,山崎淳也,高橋悠也,大石哲也
406,北川悦吏子,飯塚健,一雫ライオン,牧野圭祐
407,古家和尚,櫻井剛
408,相良敦子
409,大島里美
410,オークラ,溝井英一デービス
411,橋部敦子
412,是枝裕和
413,戸田山雅司,太田愛,櫻井武晴,ハセベバクシンオー,徳永富彦,金井寛,輿水泰弘,古沢良太
414,伴一彦
415,八津弘幸,渡辺啓
416,永田優子
417,中園ミホ
418,岩下悠子,真部千晶,福田卓郎,波多野都
419,坂口理子,山崎宇子
420,鈴木智,武田有起,稲本達郎,藤岡美暢
421,神山由美子
422,高山直也,鴨義信,三上幸四郎
423,西田征史
424,湊かなえ
425,大森寿美男
426,大石哲也,松田裕子,赤松義正
427,蒔田光治
428,宇田学,徳永友一,早船歌江子
429,大川俊道,荒井修子,いとう斗士八,岡芳郎
430,岩井秀人,平田研也
431,相沢友子,岡田道尚,早船歌江子
432,高橋麻紀,鈴木裕那
433,合津直枝
434,福田雄一,ますもとたくや
435,浜田秀哉
436,渡辺千穂
437,水橋文美江
438,山本むつみ,高山直也
439,関えり香,泉澤陽子
440,戸田山雅司,小川眞住枝,丸茂周,田中孝治,真部千晶,櫻井武晴
441,井上由美子
442,坂元裕二
443,山岡真介,川嶋澄乃,田中眞一,武田有起
444,奥寺佐渡子,清水友佳子
445,深沢正樹
446,井上由美子
447,旺季志ずか
448,岡田惠和
449,青柳祐美子
450,山本むつみ,三浦有為子
451,森下佳子
452,黒岩勉
453,森下直,武田有起,松本美弥子
454,飯塚健
455,大浜直樹,田中洋史,宮本陽介,きたむらけんじ,佐東みどり,竹重洋平,嶋田うれ葉,大塩哲史,椎名まさし
456,福田靖,仁志光佑
457,金子ありさ
458,古家和尚
459,森ハヤシ,酒井雅秋
460,大石哲也,池上純哉,田中孝治
461,武藤将吾
462,寺田敏雄
463,金子成人
464,橋本裕志
465,山岡潤平,守口悠介,宮本陽介,鎌田智恵,遠山絵梨香
466,石原武龍,尾西兼一
467,尾崎将也,高山直也
468,中谷まゆみ
469,根津理香,徳永友一
470,櫻井武晴,藤井清美,丑尾健太郎
471,大石静
472,田中眞一,園子温,鈴木太一
473,荒井修子
474,後藤法子
475,宅間孝行
476,山浦雅大,高橋悠也
477,渡辺啓,三田卓人,桑村さや香,根本ノンジ
478,野木亜紀子
479,神山由美子
480,福田雄一
481,山田篤宏,吹原幸太
482,金子茂樹
483,大石静
484,吉田紀子
485,渡辺啓,奥山雄太,ブラジリィー・アン・山田
486,飯野陽子,ひかわかよ
487,岡田惠和
488,深沢正樹,徳永富彦,真部千晶,瀧川晃代
489,丑尾健太郎,大浦光太,北川亜矢子,森ハヤシ
490,坂元裕二
491,樫田正剛
492,ジェームス三木
493,高橋麻紀
494,鈴木謙一,鶴田法男,酒巻浩史
495,福田靖
496,西岡琢也
497,安達奈緒子
498,深沢正樹,田中眞一,高橋美幸,横田理恵
499,橋田壽賀子
500,福田卓郎,高山直也
501,藤本有紀
502,宮村優子
503,小川真
504,土田英生
505,山岡潤平
506,八津弘幸
507,岩下悠子,大石哲也
508,三木聡
509,徳永友一
510,寺田敏雄,李正姫
511,櫻井剛,小峯裕之,池上純哉
512,黒岩勉
513,金井寛,櫻井武晴,戸田山雅司,徳永富彦,飯田武,輿水泰弘,高橋悠也,真野勝成,真部千晶,山本むつみ
514,古沢良太
515,秦建日子
516,江頭美智留,横田理恵
517,友原我聞,NAKA雅MURA
518,中園ミホ,寺田敏雄
519,小川眞住枝,真部千晶,櫻井武晴,戸田山雅司,李正姫
520,佐藤嗣麻子
521,藤井清美
522,いずみ吉紘
523,後藤法子,福田雄一,倉持裕,奥山雄太,渡辺雄介
524,田子明弘,安藤康太郎,白石雄大,安井国穂
525,武井彩
526,西田征史
527,大島里美
528,山岡潤平
529,大森美香
530,野島伸司
531,福田雄一
532,西荻弓絵,泉澤陽子
533,中澤圭規
534,幸修司
535,安達奈緒子,越川美埜子
536,篠崎絵里子
537,後藤法子
538,正岡謙一郞,麻倉圭司
539,橋部敦子
540,松田沙也
541,大森寿美男
542,穴吹一朗,吉澤智子
543,福間正浩
544,井上由美子
545,浜田秀哉,ひかわかよ
546,森ハヤシ,千葉美鈴
547,林宏司
548,福田雄一
549,佐藤久美子
550,高橋幹子,根津理香
551,徳尾浩司,加藤公平
552,鴻上尚史,関えり香
553,桑村さや香
554,前川洋一
555,古家和尚
556,ますもとたくや,嶋田うれ葉,ブラジリィー・アン・山田
557,いずみ吉紘,池上純哉
558,相良敦子
559,橋田壽賀子
560,福田雄一
561,小山正太,小峯裕之
562,尾崎将也
563,吉本昌弘,真野勝成,岡崎由紀子
564,酒井雅秋,武井彩
565,松田裕子,江頭美智留,梅田みか
566,森脇京子,岡本貴也
567,仁志光佑
568,金城一紀
569,石原武龍,尾西兼一,もろさわ和幸,中村由加里
570,岡田惠和
571,福田卓郎,植田尚
572,高橋麻紀,池田奈津子
573,橋本裕志
574,秦建日子,猪原健太
575,大森寿美男,川崎いづみ
576,渡辺あや
577,渡辺千穂
578,倉持裕,根本ノンジ
579,桑村さや香
580,八津弘幸,山浦雅大,西井史子
581,神山由美子
582,福田靖
583,大森美香
584,蒔田光治,山浦雅大,徳尾浩司
585,岩下悠子,入江信吾,櫻井武晴
586,高山直也
587,山岡潤平,飯塚健,田中眞一
588,吉田紀子,ふじきみつ彦
589,深沢正樹
590,武藤将吾
591,渡辺雄介,みなづきともこ,真野勝成,大口幸子,深沢正樹,及川真実,夏川朋子
592,尾崎将也
593,田渕久美子
594,大石静
595,深沢正樹
596,井上由美子
597,田辺満,根本ノンジ,久松真一,いとう斗士八
598,大石静,泉澤陽子
599,尾崎将也,高山直也,嶋田うれ葉
600,尾崎将也,武田有起,関えり香
601,金子ありさ
602,徳永友一,麻倉圭司,松田沙也
603,高橋悠也
604,松田裕子
605,松本美弥子,山岡潤平,猪原健太
606,西田征史,岡田道尚,宇山佳佑,徳永友一
607,岡田惠和
608,高橋泉,清水友佳子,渡辺啓
609,荒井美早,小嶋健作,向井康介,真辺克彦
610,バカリズム
611,黒岩勉,小山正太
612,森下直,金井寛,徳永富彦,真野勝成,太田愛,池上純哉,藤井清美,山本むつみ,輿水泰弘
613,及川博則
614,金子茂樹
615,尾西兼一
616,龍居由佳里
617,仁志光佑
618,林誠人,寺田敏雄,中園ミホ
619,戸田山雅司,櫻井武晴
620,中谷まゆみ
621,大石哲也,川嶋澄乃,高山直也
622,奥寺佐渡子
623,旺季志ずか,川浦雅大
624,ひかわかよ,田子明弘
625,宇田学,梶本恵美
626,荒井修子
627,マギー,佐藤友治
628,山浦雅大,東京03
629,宮藤官九郎
630,もろさわ和幸
631,古沢良太
632,山岡潤平,徳永友一
633,小松與志子,井出真理
634,井上由美子
635,北川亜矢子
636,後藤法子
637,橋部敦子
638,山崎宇子,阿相クミコ
639,遊川和彦
640,森下直,西井史子
641,浅野妙子
642,福田靖
643,西岡琢也,真部千晶
644,坂元裕二
645,森ハヤシ,川嶋澄乃,森山あけみ,伊藤崇
646,古家和尚
647,大石静
648,土田英生
649,櫻井剛
650,吉田智子
651,野島伸司
652,大島里美,宮村優子,金子ありさ,小松江里子
653,八津弘幸
654,黒岩勉
655,田渕久美子
656,荒井修子,武田有起
657,飯塚健
658,渡辺千穂
659,徳永富彦
660,岡田惠和
661,中園ミホ
662,小松江里子
663,櫻井武晴
664,林宏司
665,吉本昌弘,李正姫,高山直也
666,秋山竜平,坂口理子,小山正太
667,藤井清美
668,池田奈津子
669,高橋悠也
670,佐藤久美子,清水しおり
671,大森寿美男
672,尾崎将也
673,大野敏哉
674,安達奈緒子
675,川崎いづみ
676,森下佳子
677,蛭田直美
